Date,Region,Department,Treatment_Type,Number_of_Patients,Treatment_Cost,Total_Revenue,Expense,Profit,Year,Currency,Payment_Method,Month,Month_Name,Profit_Margin,Cost_Per_Patient
20-08-2023,East,Emergency,Surgery,12,15257.06,183084.72,126243,56841.72,2023,USD,Online Payment,8,August,0.3105,10520.25
29-01-2024,East,Cardiology,Diagnostics,28,279256.5,7819182,4153130.1,3666051.9,2024,EUR,Online Payment,1,January,0.4689,148326.08
03-10-2024,West,Cardiology,Diagnostics,24,304673.4,7312161.6,4530114,2782047.6,2024,EUR,Cash,10,October,0.3805,188754.75
04-09-2024,South,General Medicine,Therapy,1,97742.46,97742.46,53854.55,43887.91,2024,USD,Online Payment,9,September,0.449,53854.55
25-01-2023,South,Cardiology,Consultation,1,3495.11,3495.11,2951.31,543.8,2023,INR,Online Payment,1,January,0.1556,2951.31
12-09-2024,East,Emergency,Surgery,26,306199.8,7961194.8,6003124.2,1958070.6,2024,EUR,Insurance,9,September,0.246,230889.39
06-09-2023,North,Cardiology,Consultation,22,351615.39,7735538.58,5635165.48,2100373.1,2023,USD,Online Payment,9,September,0.2715,256143.89
06-09-2023,North,Oncology,Therapy,23,343211.64,7893867.72,4988897.6,2904970.12,2023,USD,Online Payment,9,September,0.368,216908.59
06-05-2023,East,Oncology,Medication,27,3648.28,98503.56,86595.06,11908.5,2023,INR,Online Payment,5,May,0.1209,3207.22
27-12-2024,North,General Medicine,Consultation,36,777.91,28004.76,21546.45,6458.31,2024,INR,Insurance,12,December,0.2306,598.51
17-12-2024,West,Pediatrics,Consultation,47,148672.8,6987621.6,5386725.9,1600895.7,2024,EUR,Cash,12,December,0.2291,114611.19
12-01-2024,West,Oncology,Medication,29,4754.89,137891.81,102830.33,35061.48,2024,INR,Insurance,1,January,0.2543,3545.87
24-03-2023,South,Cardiology,Consultation,32,4815.86,154107.52,108469.49,45638.03,2023,INR,Insurance,3,March,0.2961,3389.67
27-05-2023,South,Pediatrics,Medication,26,320358.6,8329323.6,7045484.4,1283839.2,2023,EUR,Insurance,5,May,0.1541,270980.17
06-04-2023,East,Orthopedics,Medication,20,269565.3,5391306,3983197.5,1408108.5,2023,EUR,Online Payment,4,April,0.2612,199159.88
07-07-2023,North,Orthopedics,Diagnostics,22,141365.7,3110045.4,2652034.5,458010.9,2023,EUR,Cash,7,July,0.1473,120547.02
30-11-2023,North,Oncology,Diagnostics,37,1060.7,39245.9,31386.4,7859.5,2023,INR,Cash,11,November,0.2003,848.28
03-08-2024,South,Oncology,Surgery,49,419024.7,20532210.3,15315611.4,5216598.9,2024,EUR,Online Payment,8,August,0.2541,312563.5
13-07-2024,South,Oncology,Therapy,32,2777.17,88869.44,57078.9,31790.54,2024,INR,Cash,7,July,0.3577,1783.72
21-04-2024,East,Pediatrics,Consultation,8,1190,9520,7488.35,2031.65,2024,INR,Online Payment,4,April,0.2134,936.04
20-09-2024,South,Cardiology,Therapy,37,100142.82,3705284.34,3177329.64,527954.7,2024,USD,Insurance,9,September,0.1425,85873.77
16-11-2024,South,General Medicine,Surgery,38,3976.04,151089.52,111900.61,39188.91,2024,INR,Online Payment,11,November,0.2594,2944.75
25-09-2024,South,Pediatrics,Consultation,15,388159.46,5822391.9,4977358.94,845032.96,2024,USD,Online Payment,9,September,0.1451,331823.93
21-01-2023,East,General Medicine,Diagnostics,20,78630.05,1572601,819284.7,753316.3,2023,USD,Online Payment,1,January,0.479,40964.24
20-10-2023,West,General Medicine,Diagnostics,21,337019.84,7077416.64,4114916.73,2962499.91,2023,USD,Online Payment,10,October,0.4186,195948.42
03-09-2024,South,Emergency,Therapy,8,263101.7,2104813.6,1239095.38,865718.22,2024,USD,Online Payment,9,September,0.4113,154886.92
27-09-2023,East,Emergency,Therapy,32,246608.1,7891459.2,4727485.8,3163973.4,2023,EUR,Insurance,9,September,0.4009,147733.93
30-09-2024,East,Oncology,Medication,20,219114.19,4382283.8,3409842.52,972441.28,2024,USD,Online Payment,9,September,0.2219,170492.13
08-02-2023,South,Emergency,Therapy,14,310931.1,4353035.4,3595969.8,757065.6,2023,EUR,Online Payment,2,February,0.1739,256854.99
09-10-2024,West,Pediatrics,Therapy,19,1453.41,27614.79,21541.87,6072.92,2024,INR,Cash,10,October,0.2199,1133.78
10-07-2024,South,Orthopedics,Therapy,41,28474.2,1167442.2,624141,543301.2,2024,EUR,Insurance,7,July,0.4654,15222.95
14-03-2023,South,Emergency,Therapy,33,60908.4,2009977.2,1102953.6,907023.6,2023,EUR,Cash,3,March,0.4513,33422.84
09-05-2023,North,General Medicine,Surgery,43,3436.6,147773.8,131547.8,16226,2023,INR,Online Payment,5,May,0.1098,3059.25
05-11-2023,East,Oncology,Medication,33,289634.31,9557932.23,7621781.27,1936150.96,2023,USD,Cash,11,November,0.2026,230963.07
29-05-2024,West,General Medicine,Medication,6,269337.49,1616024.94,1391258.45,224766.49,2024,USD,Insurance,5,May,0.1391,231876.41
10-02-2024,West,General Medicine,Surgery,46,335859.5,15449537,13238937.41,2210599.59,2024,USD,Cash,2,February,0.1431,287802.99
11-12-2024,North,Orthopedics,Therapy,45,491.4,22113,11807.94,10305.06,2024,INR,Online Payment,12,December,0.466,262.4
27-01-2024,West,Oncology,Surgery,42,196048.49,8234036.58,5222192.34,3011844.24,2024,USD,Insurance,1,January,0.3658,124337.91
13-07-2023,North,Pediatrics,Surgery,5,4583.07,22915.35,14250.68,8664.67,2023,INR,Cash,7,July,0.3781,2850.14
30-08-2023,South,Pediatrics,Surgery,47,260.95,12264.65,9688.11,2576.54,2023,INR,Online Payment,8,August,0.2101,206.13
11-02-2024,North,Orthopedics,Therapy,37,2741.31,101428.47,58931.19,42497.28,2024,INR,Cash,2,February,0.419,1592.73
02-11-2023,West,General Medicine,Medication,49,205265.7,10058019.3,6867331.2,3190688.1,2023,EUR,Cash,11,November,0.3172,140149.62
25-05-2024,North,Cardiology,Consultation,14,3401.81,47625.34,28484.99,19140.35,2024,INR,Online Payment,5,May,0.4019,2034.64
28-10-2023,South,Emergency,Therapy,26,449858.7,11696326.2,7441919.1,4254407.1,2023,EUR,Cash,10,October,0.3637,286227.66
26-01-2023,West,Orthopedics,Therapy,12,2359.9,28318.8,18169.77,10149.03,2023,INR,Cash,1,January,0.3584,1514.15
18-12-2023,North,Emergency,Medication,8,144.61,1156.88,623.71,533.17,2023,INR,Insurance,12,December,0.4609,77.96
06-06-2024,South,Pediatrics,Consultation,44,403120.21,17737289.24,11327688.94,6409600.3,2024,USD,Insurance,6,June,0.3614,257447.48
23-12-2024,West,Emergency,Diagnostics,45,120956.4,5443038,4736502,706536,2024,EUR,Online Payment,12,December,0.1298,105255.6
07-09-2024,North,Orthopedics,Medication,32,196314.3,6282057.6,4259713.5,2022344.1,2024,EUR,Cash,9,September,0.3219,133116.05
19-01-2024,West,Orthopedics,Therapy,36,2975.41,107114.76,76663.12,30451.64,2024,INR,Cash,1,January,0.2843,2129.53
15-12-2024,South,Emergency,Consultation,37,322757.12,11942013.44,9099180.44,2842833,2024,USD,Cash,12,December,0.2381,245923.8
11-09-2024,East,General Medicine,Medication,27,93132,2514564,1573288.2,941275.8,2024,EUR,Online Payment,9,September,0.3743,58269.93
27-09-2023,South,Orthopedics,Surgery,16,129867.3,2077876.8,1190183.4,887693.4,2023,EUR,Cash,9,September,0.4272,74386.46
19-11-2024,West,General Medicine,Diagnostics,50,416400.3,20820015,12884550.3,7935464.7,2024,EUR,Online Payment,11,November,0.3811,257691.01
26-06-2024,North,Emergency,Consultation,17,31369.85,533287.45,346389.71,186897.74,2024,USD,Insurance,6,June,0.3505,20375.87
04-10-2023,East,Emergency,Diagnostics,21,145366.2,3052690.2,2401307.03,651383.17,2023,USD,Cash,10,October,0.2134,114347.95
03-12-2023,East,General Medicine,Diagnostics,37,362336.4,13406446.8,8058647.7,5347799.1,2023,EUR,Cash,12,December,0.3989,217801.29
28-04-2023,North,Oncology,Surgery,6,196495.86,1178975.16,811666.96,367308.2,2023,USD,Cash,4,April,0.3115,135277.83
08-06-2023,East,Orthopedics,Consultation,14,253416.6,3547832.4,2577566.7,970265.7,2023,EUR,Cash,6,June,0.2735,184111.91
27-01-2023,North,Orthopedics,Surgery,10,349506.9,3495069,2512188.9,982880.1,2023,EUR,Insurance,1,January,0.2812,251218.89
02-12-2023,East,Cardiology,Diagnostics,23,405771.3,9332739.9,6838147.8,2494592.1,2023,EUR,Cash,12,December,0.2673,297310.77
23-06-2024,South,Oncology,Diagnostics,9,325.4,2928.6,1940.21,988.39,2024,INR,Insurance,6,June,0.3375,215.58
19-02-2024,North,Cardiology,Medication,40,77376.75,3095070,2132226.84,962843.16,2024,USD,Online Payment,2,February,0.3111,53305.67
22-02-2023,East,General Medicine,Consultation,10,285930.9,2859309,2055841.2,803467.8,2023,EUR,Cash,2,February,0.281,205584.12
25-09-2023,West,Emergency,Consultation,44,55557,2444508,1817122.5,627385.5,2023,EUR,Cash,9,September,0.2567,41298.24
02-08-2023,West,Pediatrics,Therapy,12,2857.87,34294.44,29481.28,4813.16,2023,INR,Insurance,8,August,0.1403,2456.77
09-07-2023,South,General Medicine,Medication,37,186068.57,6884537.09,5417052.27,1467484.82,2023,USD,Cash,7,July,0.2132,146406.82
11-10-2023,West,Oncology,Consultation,1,332535.6,332535.6,180596.7,151938.9,2023,EUR,Cash,10,October,0.4569,180596.7
06-11-2024,West,General Medicine,Surgery,27,2199.8,59394.6,43521.62,15872.98,2024,INR,Cash,11,November,0.2672,1611.91
19-09-2023,West,Cardiology,Therapy,45,14210.43,639469.35,507189.76,132279.59,2023,USD,Online Payment,9,September,0.2069,11270.88
10-07-2023,West,Cardiology,Therapy,15,3046.85,45702.75,24225.11,21477.64,2023,INR,Cash,7,July,0.4699,1615.01
29-03-2024,North,Oncology,Diagnostics,27,2226.32,60110.64,39086.72,21023.92,2024,INR,Cash,3,March,0.3498,1447.66
23-06-2024,West,Orthopedics,Medication,14,4879.51,68313.14,55203.31,13109.83,2024,INR,Cash,6,June,0.1919,3943.09
22-05-2024,North,Oncology,Medication,17,325235.7,5529006.9,3499503.3,2029503.6,2024,EUR,Insurance,5,May,0.3671,205853.14
19-09-2024,East,Pediatrics,Consultation,40,387133.2,15485328,7986033,7499295,2024,EUR,Cash,9,September,0.4843,199650.82
05-08-2023,South,Cardiology,Therapy,11,183453.3,2017986.3,1773884.7,244101.6,2023,EUR,Cash,8,August,0.121,161262.25
22-08-2024,South,Oncology,Medication,24,438308.1,10519394.4,6485949,4033445.4,2024,EUR,Insurance,8,August,0.3834,270247.88
15-01-2024,South,Orthopedics,Diagnostics,3,26386.53,79159.59,54975.88,24183.71,2024,USD,Cash,1,January,0.3055,18325.29
02-04-2023,South,Oncology,Medication,1,2433.5,2433.5,1575.01,858.49,2023,INR,Cash,4,April,0.3528,1575.01
11-07-2024,West,General Medicine,Consultation,50,4958.6,247930,184501.33,63428.67,2024,INR,Cash,7,July,0.2558,3690.03
03-12-2024,South,Cardiology,Therapy,17,695.63,11825.71,10327.23,1498.48,2024,INR,Cash,12,December,0.1267,607.48
25-08-2024,South,Orthopedics,Therapy,14,702.85,9839.9,6311.13,3528.77,2024,INR,Online Payment,8,August,0.3586,450.8
01-02-2024,South,Emergency,Therapy,11,163846.98,1802316.78,1142087.47,660229.31,2024,USD,Online Payment,2,February,0.3663,103826.13
03-09-2023,East,Emergency,Medication,17,127.66,2170.22,1347.58,822.64,2023,INR,Online Payment,9,September,0.3791,79.27
14-08-2023,North,General Medicine,Consultation,40,1028.09,41123.6,27322.78,13800.82,2023,INR,Insurance,8,August,0.3356,683.07
05-08-2024,East,Cardiology,Medication,17,667.64,11349.88,9099.2,2250.68,2024,INR,Cash,8,August,0.1983,535.25
17-02-2024,South,Cardiology,Medication,42,4194.18,176155.56,140286.75,35868.81,2024,INR,Online Payment,2,February,0.2036,3340.16
12-07-2024,West,General Medicine,Surgery,3,296893.8,890681.4,533317.5,357363.9,2024,EUR,Insurance,7,July,0.4012,177772.5
23-11-2023,East,Emergency,Therapy,29,3786.65,109812.85,74463.78,35349.07,2023,INR,Insurance,11,November,0.3219,2567.72
14-03-2024,East,Cardiology,Medication,10,41132.31,411323.1,266563.63,144759.47,2024,USD,Insurance,3,March,0.3519,26656.36
05-10-2024,West,Pediatrics,Medication,38,3443.23,130842.74,89498.07,41344.67,2024,INR,Cash,10,October,0.316,2355.21
22-03-2024,North,Oncology,Consultation,42,293482.8,12326277.6,8481654,3844623.6,2024,EUR,Insurance,3,March,0.3119,201944.14
01-03-2023,North,Orthopedics,Diagnostics,33,144308.78,4762189.74,2762489.83,1999699.91,2023,USD,Online Payment,3,March,0.4199,83711.81
19-01-2024,North,Oncology,Therapy,28,413829.7,11587231.6,10209947.86,1377283.74,2024,USD,Insurance,1,January,0.1189,364641
26-11-2023,West,General Medicine,Consultation,41,446375.7,18301403.7,16060727.7,2240676,2023,EUR,Online Payment,11,November,0.1224,391725.07
27-04-2023,East,Orthopedics,Diagnostics,39,18056.7,704211.3,537016.5,167194.8,2023,EUR,Online Payment,4,April,0.2374,13769.65
28-10-2023,East,General Medicine,Therapy,23,2336.75,53745.25,48099.41,5645.84,2023,INR,Insurance,10,October,0.105,2091.28
06-08-2023,South,Orthopedics,Therapy,25,179340.59,4483514.75,3163351.61,1320163.14,2023,USD,Insurance,8,August,0.2944,126534.06
15-05-2024,South,Oncology,Therapy,36,838.16,30173.76,27001.29,3172.47,2024,INR,Insurance,5,May,0.1051,750.04
09-03-2024,South,Cardiology,Medication,29,132449.74,3841042.46,3304397.66,536644.8,2024,USD,Cash,3,March,0.1397,113944.75
10-06-2023,North,Pediatrics,Surgery,48,64040.31,3073934.88,2109045.77,964889.11,2023,USD,Insurance,6,June,0.3139,43938.45
25-11-2024,South,Pediatrics,Surgery,43,4696.96,201969.28,164862.84,37106.44,2024,INR,Online Payment,11,November,0.1837,3834.02
01-04-2024,South,Oncology,Medication,37,444301.2,16439144.4,8240193.9,8198950.5,2024,EUR,Online Payment,4,April,0.4987,222707.94
10-01-2024,East,Pediatrics,Consultation,34,3932.95,133720.3,113220.97,20499.33,2024,INR,Cash,1,January,0.1533,3330.03
08-06-2024,East,Emergency,Surgery,13,55779.3,725130.9,438384.6,286746.3,2024,EUR,Online Payment,6,June,0.3954,33721.89
12-09-2023,West,Emergency,Therapy,21,16028.96,336608.16,239068.22,97539.94,2023,USD,Insurance,9,September,0.2898,11384.2
06-02-2024,South,Pediatrics,Surgery,43,20487.6,880966.8,638757.9,242208.9,2024,EUR,Online Payment,2,February,0.2749,14854.83
25-10-2023,East,Orthopedics,Surgery,50,89461.8,4473090,3049289.1,1423800.9,2023,EUR,Online Payment,10,October,0.3183,60985.78
07-11-2024,North,Oncology,Therapy,1,150819.3,150819.3,82018.94,68800.36,2024,USD,Cash,11,November,0.4562,82018.94
14-09-2023,North,Emergency,Surgery,45,93964.3,4228393.5,2549629.69,1678763.81,2023,USD,Online Payment,9,September,0.397,56658.44
02-08-2024,North,General Medicine,Surgery,46,162354.6,7468311.6,4674813.3,2793498.3,2024,EUR,Online Payment,8,August,0.374,101626.38
02-12-2023,East,Cardiology,Surgery,16,131334.3,2101348.8,1076287.5,1025061.3,2023,EUR,Insurance,12,December,0.4878,67267.97
20-05-2023,East,Oncology,Medication,27,186147.42,5025980.34,2573260.62,2452719.72,2023,USD,Insurance,5,May,0.488,95305.95
05-04-2024,North,Pediatrics,Medication,44,147411,6486084,4644627.3,1841456.7,2024,EUR,Insurance,4,April,0.2839,105559.71
03-12-2024,West,Pediatrics,Medication,29,90528.3,2625320.7,1778499,846821.7,2024,EUR,Insurance,12,December,0.3226,61327.55
18-05-2023,South,Cardiology,Medication,37,253300.23,9372108.51,5685965.63,3686142.88,2023,USD,Online Payment,5,May,0.3933,153674.75
29-06-2023,North,Emergency,Medication,39,53495.99,2086343.61,1314060.15,772283.46,2023,USD,Online Payment,6,June,0.3702,33693.85
10-07-2023,East,Pediatrics,Medication,13,354654.02,4610502.26,2533416.47,2077085.79,2023,USD,Online Payment,7,July,0.4505,194878.19
15-10-2023,East,Oncology,Consultation,1,149743.62,149743.62,112894.11,36849.51,2023,USD,Online Payment,10,October,0.2461,112894.11
26-06-2024,South,Orthopedics,Medication,46,4420.96,203364.16,131996.47,71367.69,2024,INR,Online Payment,6,June,0.3509,2869.49
22-02-2023,South,Orthopedics,Medication,20,4385.92,87718.4,50067.46,37650.94,2023,INR,Cash,2,February,0.4292,2503.37
30-05-2023,East,Cardiology,Therapy,39,253247.11,9876637.29,7629516.87,2247120.42,2023,USD,Cash,5,May,0.2275,195628.64
23-08-2023,North,Orthopedics,Consultation,26,4221.77,109766.02,88231.58,21534.44,2023,INR,Online Payment,8,August,0.1962,3393.52
18-10-2024,South,General Medicine,Therapy,25,3296.93,82423.25,46920.79,35502.46,2024,INR,Insurance,10,October,0.4307,1876.83
30-11-2023,East,General Medicine,Medication,30,347800.5,10434015,8812917,1621098,2023,EUR,Cash,11,November,0.1554,293763.9
01-07-2023,North,Oncology,Surgery,27,307672.7,8307162.9,5160832.93,3146329.97,2023,USD,Insurance,7,July,0.3787,191141.96
02-12-2024,East,Emergency,Diagnostics,8,350914.5,2807316,2393387.1,413928.9,2024,EUR,Cash,12,December,0.1474,299173.39
19-12-2023,South,General Medicine,Diagnostics,44,200607.3,8826721.2,7488307.8,1338413.4,2023,EUR,Insurance,12,December,0.1516,170188.81
08-03-2023,East,Cardiology,Therapy,19,332403.38,6315664.22,4138689.59,2176974.63,2023,USD,Online Payment,3,March,0.3447,217825.77
02-07-2024,East,Orthopedics,Diagnostics,17,275208.91,4678551.47,2705087.86,1973463.61,2024,USD,Cash,7,July,0.4218,159122.82
07-02-2023,South,Cardiology,Diagnostics,20,244669.06,4893381.2,2503183.72,2390197.48,2023,USD,Insurance,2,February,0.4885,125159.19
28-10-2024,South,Pediatrics,Surgery,23,181006.4,4163147.2,2979954.81,1183192.39,2024,USD,Cash,10,October,0.2842,129563.25
26-08-2024,West,Orthopedics,Medication,3,165.37,496.11,356.04,140.07,2024,INR,Insurance,8,August,0.2823,118.68
05-12-2023,West,Oncology,Diagnostics,47,108873.9,5117073.3,4100562,1016511.3,2023,EUR,Insurance,12,December,0.1987,87246
01-12-2023,North,Oncology,Consultation,37,84233.38,3116635.06,2681127.42,435507.64,2023,USD,Online Payment,12,December,0.1397,72462.9
09-04-2023,South,Pediatrics,Therapy,22,281098.59,6184168.98,5250985.04,933183.94,2023,USD,Cash,4,April,0.1509,238681.14
22-06-2023,South,Pediatrics,Diagnostics,45,318529.8,14333841,9803551.5,4530289.5,2023,EUR,Online Payment,6,June,0.3161,217856.7
19-06-2023,West,Oncology,Medication,9,118623.6,1067612.4,581785.18,485827.22,2023,USD,Online Payment,6,June,0.4551,64642.8
21-05-2023,East,Cardiology,Diagnostics,30,397625.61,11928768.3,9985025.33,1943742.97,2023,USD,Online Payment,5,May,0.1629,332834.18
04-10-2024,East,Orthopedics,Therapy,15,293252.4,4398786,2931330.6,1467455.4,2024,EUR,Insurance,10,October,0.3336,195422.04
27-04-2023,West,Pediatrics,Therapy,3,62396.91,187190.73,160668.91,26521.82,2023,USD,Insurance,4,April,0.1417,53556.3
27-08-2023,East,Oncology,Surgery,49,538.7,26396.3,14752.38,11643.92,2023,INR,Online Payment,8,August,0.4411,301.07
30-05-2024,East,Cardiology,Diagnostics,28,4394.83,123055.24,78928.22,44127.02,2024,INR,Cash,5,May,0.3586,2818.86
16-06-2023,South,Orthopedics,Surgery,17,4991.45,84854.65,75419.6,9435.05,2023,INR,Online Payment,6,June,0.1112,4436.45
04-07-2024,East,Cardiology,Consultation,21,257569.75,5408964.75,4692014.07,716950.68,2024,USD,Insurance,7,July,0.1325,223429.24
27-10-2024,East,Emergency,Therapy,13,425635.2,5533257.6,4748977.8,784279.8,2024,EUR,Online Payment,10,October,0.1417,365305.98
27-12-2023,South,General Medicine,Diagnostics,39,556.87,21717.93,17653.48,4064.45,2023,INR,Cash,12,December,0.1871,452.65
25-05-2024,East,Oncology,Consultation,8,279745.69,2237965.52,1510021.49,727944.03,2024,USD,Online Payment,5,May,0.3253,188752.69
18-05-2023,North,Pediatrics,Therapy,47,173916.54,8174077.38,6780622.75,1393454.63,2023,USD,Insurance,5,May,0.1705,144268.57
26-07-2023,East,Pediatrics,Consultation,19,3406.41,64721.79,40810.19,23911.6,2023,INR,Insurance,7,July,0.3695,2147.9
06-10-2024,East,Orthopedics,Therapy,35,63415.32,2219536.2,1415288.61,804247.59,2024,USD,Online Payment,10,October,0.3623,40436.82
02-08-2023,North,Pediatrics,Diagnostics,27,267005.7,7209153.9,3913203.6,3295950.3,2023,EUR,Insurance,8,August,0.4572,144933.47
29-02-2024,East,Orthopedics,Therapy,31,12843,398133,265274.1,132858.9,2024,EUR,Insurance,2,February,0.3337,8557.23
08-12-2024,North,General Medicine,Therapy,19,394242.53,7490608.07,5933484.91,1557123.16,2024,USD,Online Payment,12,December,0.2079,312288.68
13-07-2023,North,Emergency,Medication,46,449552.7,20679424.2,16589956.5,4089467.7,2023,EUR,Cash,7,July,0.1978,360651.23
15-04-2024,West,Oncology,Diagnostics,8,874,6992,5291.79,1700.21,2024,INR,Cash,4,April,0.2432,661.47
23-02-2024,West,Pediatrics,Therapy,40,273089.92,10923596.8,7361390.35,3562206.45,2024,USD,Cash,2,February,0.3261,184034.76
30-04-2024,North,General Medicine,Medication,5,21868.2,109341,66253.5,43087.5,2024,EUR,Online Payment,4,April,0.3941,13250.7
03-06-2023,North,General Medicine,Surgery,19,4014.81,76281.39,44194.63,32086.76,2023,INR,Cash,6,June,0.4206,2326.03
05-06-2024,West,Cardiology,Therapy,21,327533.77,6878209.17,4736439.82,2141769.35,2024,USD,Online Payment,6,June,0.3114,225544.75
17-07-2023,South,Pediatrics,Consultation,50,4560.3,228015,150839.15,77175.85,2023,INR,Cash,7,July,0.3385,3016.78
02-06-2024,West,Pediatrics,Surgery,21,156257.46,3281406.66,2820081.87,461324.79,2024,USD,Online Payment,6,June,0.1406,134289.61
27-10-2024,East,Emergency,Therapy,6,82854,497124,276175.8,220948.2,2024,EUR,Insurance,10,October,0.4445,46029.3
26-10-2024,South,Oncology,Therapy,19,38249.1,726732.9,597550.5,129182.4,2024,EUR,Cash,10,October,0.1778,31450.03
04-05-2024,West,Oncology,Medication,13,385613.85,5012980.05,2750945.36,2262034.69,2024,USD,Cash,5,May,0.4512,211611.18
28-10-2023,South,Oncology,Surgery,13,31176.9,405299.7,336727.8,68571.9,2023,EUR,Insurance,10,October,0.1692,25902.14
08-04-2023,North,Orthopedics,Surgery,45,300480.75,13521633.75,10175468.83,3346164.92,2023,USD,Cash,4,April,0.2475,226121.53
27-08-2023,West,General Medicine,Diagnostics,34,4943.86,168091.24,90221.87,77869.37,2023,INR,Online Payment,8,August,0.4633,2653.58
02-07-2023,West,Emergency,Consultation,47,3617.79,170036.13,135926.7,34109.43,2023,INR,Cash,7,July,0.2006,2892.06
09-06-2023,South,Emergency,Medication,5,362026.08,1810130.4,1091394.39,718736.01,2023,USD,Online Payment,6,June,0.3971,218278.88
30-08-2024,South,General Medicine,Consultation,37,312877.63,11576472.31,6392826.83,5183645.48,2024,USD,Insurance,8,August,0.4478,172779.1
22-08-2024,South,Oncology,Medication,1,414201.54,414201.54,331168.34,83033.2,2024,USD,Online Payment,8,August,0.2005,331168.34
29-04-2024,North,Pediatrics,Diagnostics,15,3474.34,52115.1,29117.9,22997.2,2024,INR,Online Payment,4,April,0.4413,1941.19
18-02-2024,South,Orthopedics,Diagnostics,2,269164.85,538329.7,468105.89,70223.81,2024,USD,Insurance,2,February,0.1304,234052.94
26-05-2023,North,Oncology,Surgery,25,3989.57,99739.25,67788.56,31950.69,2023,INR,Online Payment,5,May,0.3203,2711.54
02-11-2023,South,Cardiology,Consultation,2,302468.4,604936.8,541539,63397.8,2023,EUR,Cash,11,November,0.1048,270769.5
05-09-2024,North,Emergency,Consultation,6,15357.49,92144.94,46636.87,45508.07,2024,USD,Cash,9,September,0.4939,7772.81
28-09-2023,East,Cardiology,Surgery,29,1961.76,56891.04,32451.2,24439.84,2023,INR,Insurance,9,September,0.4296,1119.01
19-09-2023,West,Emergency,Consultation,19,254732.81,4839923.39,3618084.54,1221838.85,2023,USD,Cash,9,September,0.2525,190425.5
02-01-2023,West,Emergency,Medication,33,2521.06,83194.98,44514.54,38680.44,2023,INR,Insurance,1,January,0.4649,1348.93
24-12-2023,North,Emergency,Consultation,49,436332.6,21380297.4,11938733.1,9441564.3,2023,EUR,Cash,12,December,0.4416,243647.61
14-05-2024,East,Pediatrics,Medication,36,117000.95,4212034.2,3392261.46,819772.74,2024,USD,Online Payment,5,May,0.1946,94229.48
26-01-2024,East,Orthopedics,Therapy,47,398286.9,18719484.3,14159771.1,4559713.2,2024,EUR,Cash,1,January,0.2436,301271.73
17-10-2024,East,Pediatrics,Therapy,32,3989.77,127672.64,95079.41,32593.23,2024,INR,Insurance,10,October,0.2553,2971.23
24-02-2024,West,Emergency,Diagnostics,33,46967.4,1549924.2,1282740.3,267183.9,2024,EUR,Online Payment,2,February,0.1724,38870.92
06-11-2024,East,Emergency,Diagnostics,29,203418,5899122,3154695.3,2744426.7,2024,EUR,Cash,11,November,0.4652,108782.6
03-04-2024,West,General Medicine,Diagnostics,7,345593.7,2419155.9,1944729.9,474426,2024,EUR,Insurance,4,April,0.1961,277818.56
03-03-2023,West,Emergency,Consultation,27,374422.13,10109397.51,8723281.74,1386115.77,2023,USD,Online Payment,3,March,0.1371,323084.51
09-09-2023,West,Cardiology,Diagnostics,39,1039.57,40543.23,22139.28,18403.95,2023,INR,Online Payment,9,September,0.4539,567.67
21-05-2024,West,Orthopedics,Therapy,14,319670.35,4475384.9,3874452.45,600932.45,2024,USD,Cash,5,May,0.1343,276746.6
06-08-2023,South,Pediatrics,Medication,46,207932.4,9564890.4,5117371.2,4447519.2,2023,EUR,Cash,8,August,0.465,111247.2
17-04-2023,East,General Medicine,Medication,37,4041.34,149529.58,92687.4,56842.18,2023,INR,Online Payment,4,April,0.3801,2505.06
08-06-2023,West,Emergency,Diagnostics,31,285295.9,8844172.9,6621351.56,2222821.34,2023,USD,Insurance,6,June,0.2513,213591.99
14-04-2023,North,General Medicine,Consultation,48,1184.11,56837.28,43627.7,13209.58,2023,INR,Insurance,4,April,0.2324,908.91
11-03-2024,North,Orthopedics,Therapy,17,67777.8,1152222.6,856507.71,295714.89,2024,USD,Online Payment,3,March,0.2566,50382.81
06-03-2024,East,General Medicine,Consultation,6,389676.7,2338060.2,1699605.11,638455.09,2024,USD,Cash,3,March,0.2731,283267.52
30-12-2023,East,Pediatrics,Diagnostics,29,15098.4,437853.6,356316.3,81537.3,2023,EUR,Insurance,12,December,0.1862,12286.77
07-09-2023,North,Pediatrics,Surgery,44,75002.95,3300129.8,1899026.72,1401103.08,2023,USD,Cash,9,September,0.4246,43159.7
03-01-2024,South,Cardiology,Surgery,43,157341.6,6765688.8,5903877.6,861811.2,2024,EUR,Insurance,1,January,0.1274,137299.48
05-02-2024,South,Cardiology,Consultation,14,4259.36,59631.04,40410.15,19220.89,2024,INR,Cash,2,February,0.3223,2886.44
14-12-2024,South,Orthopedics,Diagnostics,2,132140.7,264281.4,144281.7,119999.7,2024,EUR,Online Payment,12,December,0.4541,72140.85
22-11-2023,East,Pediatrics,Diagnostics,19,73673.1,1399788.9,1052202.6,347586.3,2023,EUR,Insurance,11,November,0.2483,55379.08
21-12-2024,North,General Medicine,Consultation,21,136419.63,2864812.23,2441626.77,423185.46,2024,USD,Online Payment,12,December,0.1477,116267.94
29-03-2023,East,Pediatrics,Medication,24,3132.72,75185.28,54304.75,20880.53,2023,INR,Insurance,3,March,0.2777,2262.7
04-08-2024,East,Orthopedics,Surgery,23,965.32,22202.36,14717.29,7485.07,2024,INR,Online Payment,8,August,0.3371,639.88
22-09-2023,South,Orthopedics,Medication,23,445381.2,10243767.6,6704135.1,3539632.5,2023,EUR,Insurance,9,September,0.3455,291484.13
06-12-2024,South,Cardiology,Surgery,13,132905.41,1727770.33,1126663.58,601106.75,2024,USD,Insurance,12,December,0.3479,86666.43
15-01-2023,North,Cardiology,Medication,13,1896,24648,16214.56,8433.44,2023,INR,Insurance,1,January,0.3422,1247.27
22-02-2023,South,Orthopedics,Therapy,25,44198.1,1104952.5,779042.7,325909.8,2023,EUR,Insurance,2,February,0.295,31161.71
31-12-2023,North,Emergency,Surgery,25,150893.1,3772327.5,2828772,943555.5,2023,EUR,Online Payment,12,December,0.2501,113150.88
26-08-2024,North,Cardiology,Consultation,12,194135.4,2329624.8,1535837.4,793787.4,2024,EUR,Cash,8,August,0.3407,127986.45
12-12-2023,South,Oncology,Consultation,41,288949.5,11846929.5,9343595.7,2503333.8,2023,EUR,Cash,12,December,0.2113,227892.58
24-02-2023,North,General Medicine,Consultation,29,359541.9,10426715.1,8689234.5,1737480.6,2023,EUR,Insurance,2,February,0.1666,299628.78
27-08-2023,East,General Medicine,Consultation,41,3512.82,144025.62,74784.61,69241.01,2023,INR,Cash,8,August,0.4808,1824.01
28-07-2024,West,General Medicine,Medication,35,102040.2,3571407,2292807.77,1278599.23,2024,USD,Cash,7,July,0.358,65508.79
31-12-2023,North,Orthopedics,Diagnostics,44,319572.41,14061186.04,7865416.15,6195769.89,2023,USD,Online Payment,12,December,0.4406,178759.46
02-01-2023,West,Cardiology,Therapy,2,4257.7,8515.4,5059.85,3455.55,2023,INR,Insurance,1,January,0.4058,2529.93
26-11-2023,South,Pediatrics,Therapy,4,152122.5,608490,466805.7,141684.3,2023,EUR,Cash,11,November,0.2328,116701.42
22-04-2023,East,Pediatrics,Surgery,35,123572.89,4325051.15,3248327.84,1076723.31,2023,USD,Online Payment,4,April,0.249,92809.37
07-06-2023,North,Pediatrics,Medication,9,166220.1,1495980.9,754379.1,741601.8,2023,EUR,Online Payment,6,June,0.4957,83819.9
13-04-2023,South,General Medicine,Therapy,44,10845,477180,247452.3,229727.7,2023,EUR,Cash,4,April,0.4814,5623.92
25-11-2024,South,Pediatrics,Diagnostics,17,342871.34,5828812.78,4128031.56,1700781.22,2024,USD,Insurance,11,November,0.2918,242825.39
08-12-2023,North,Oncology,Surgery,13,1286.15,16719.95,13901.7,2818.25,2023,INR,Insurance,12,December,0.1686,1069.36
19-09-2024,South,Orthopedics,Surgery,12,2368.65,28423.8,25508.73,2915.07,2024,INR,Online Payment,9,September,0.1026,2125.73
23-04-2023,East,Pediatrics,Surgery,14,986.58,13812.12,10949.43,2862.69,2023,INR,Online Payment,4,April,0.2073,782.1
22-11-2024,South,Cardiology,Medication,45,358332.58,16124966.1,11558500.32,4566465.78,2024,USD,Online Payment,11,November,0.2832,256855.56
10-11-2024,West,Emergency,Therapy,6,440902.8,2645416.8,1889651.7,755765.1,2024,EUR,Online Payment,11,November,0.2857,314941.95
03-07-2024,West,Emergency,Medication,50,227302.2,11365110,8621884.8,2743225.2,2024,EUR,Online Payment,7,July,0.2414,172437.7
07-09-2023,East,Orthopedics,Consultation,33,2541.72,83876.76,53660.84,30215.92,2023,INR,Cash,9,September,0.3602,1626.09
09-04-2023,West,Pediatrics,Therapy,35,1057.86,37025.1,32117.87,4907.23,2023,INR,Cash,4,April,0.1325,917.65
19-09-2023,North,Cardiology,Medication,10,1314.83,13148.3,6792.75,6355.55,2023,INR,Insurance,9,September,0.4834,679.28
19-04-2023,West,Pediatrics,Medication,13,2916.36,37912.68,23364.7,14547.98,2023,INR,Online Payment,4,April,0.3837,1797.28
13-10-2023,East,Pediatrics,Consultation,6,3436.17,20617.02,10646.09,9970.93,2023,INR,Cash,10,October,0.4836,1774.35
27-09-2023,North,Orthopedics,Medication,9,324180.57,2917625.13,1590839.42,1326785.71,2023,USD,Online Payment,9,September,0.4547,176759.94
30-08-2024,West,Pediatrics,Medication,22,851.35,18729.7,9732.1,8997.6,2024,INR,Online Payment,8,August,0.4804,442.37
23-06-2023,West,Orthopedics,Medication,40,2677.86,107114.4,88321.37,18793.03,2023,INR,Online Payment,6,June,0.1754,2208.03
24-12-2024,North,Oncology,Surgery,3,3240.09,9720.27,8717.5,1002.77,2024,INR,Online Payment,12,December,0.1032,2905.83
07-11-2024,West,Emergency,Medication,40,43860.6,1754424,1071386.1,683037.9,2024,EUR,Cash,11,November,0.3893,26784.65
01-02-2024,West,Cardiology,Medication,19,388151.99,7374887.81,6012399.65,1362488.16,2024,USD,Online Payment,2,February,0.1847,316442.09
29-08-2023,West,Oncology,Surgery,36,288526.5,10386954,8194798.8,2192155.2,2023,EUR,Cash,8,August,0.211,227633.3
17-02-2024,North,Pediatrics,Surgery,41,19575.9,802611.9,704016,98595.9,2024,EUR,Cash,2,February,0.1228,17171.12
31-03-2023,East,Oncology,Surgery,36,219769.2,7911691.2,5721842.7,2189848.5,2023,EUR,Online Payment,3,March,0.2768,158940.08
11-11-2024,South,Cardiology,Therapy,3,117088.1,351264.3,281924.44,69339.86,2024,USD,Insurance,11,November,0.1974,93974.81
28-04-2023,North,Pediatrics,Consultation,6,23437.8,140626.8,80378.1,60248.7,2023,EUR,Cash,4,April,0.4284,13396.35
13-09-2024,West,Emergency,Diagnostics,33,3268.76,107869.08,95085.7,12783.38,2024,INR,Online Payment,9,September,0.1185,2881.38
25-01-2024,West,Orthopedics,Therapy,8,69111,552888,452914.2,99973.8,2024,EUR,Online Payment,1,January,0.1808,56614.28
11-03-2024,West,General Medicine,Medication,40,625.09,25003.6,13220.21,11783.39,2024,INR,Insurance,3,March,0.4713,330.51
25-08-2023,East,Oncology,Diagnostics,16,97990.63,1567850.08,1334651.62,233198.46,2023,USD,Online Payment,8,August,0.1487,83415.73
18-05-2023,North,General Medicine,Consultation,39,114113.38,4450421.82,3780874.1,669547.72,2023,USD,Cash,5,May,0.1504,96945.49
19-05-2024,North,Pediatrics,Therapy,30,1669.66,50089.8,36023.27,14066.53,2024,INR,Insurance,5,May,0.2808,1200.78
04-10-2024,East,Cardiology,Diagnostics,27,1754.45,47370.15,29322.07,18048.08,2024,INR,Online Payment,10,October,0.381,1086
04-12-2023,South,Oncology,Consultation,34,100559.48,3419022.32,1942527.85,1476494.47,2023,USD,Insurance,12,December,0.4318,57133.17
06-10-2024,West,Cardiology,Diagnostics,28,1720.39,48170.92,25237.57,22933.35,2024,INR,Cash,10,October,0.4761,901.34
12-05-2023,North,Oncology,Surgery,38,70586.52,2682287.76,1537915.3,1144372.46,2023,USD,Insurance,5,May,0.4266,40471.46
06-06-2024,West,Oncology,Medication,1,1361.7,1361.7,962.78,398.92,2024,INR,Online Payment,6,June,0.293,962.78
10-12-2023,South,Cardiology,Therapy,25,2231.66,55791.5,34316.54,21474.96,2023,INR,Online Payment,12,December,0.3849,1372.66
12-03-2024,North,General Medicine,Medication,45,131468.68,5916090.6,4557279.34,1358811.26,2024,USD,Online Payment,3,March,0.2297,101272.87
02-08-2024,South,Orthopedics,Therapy,48,401130.7,19254273.6,12810169.37,6444104.23,2024,USD,Insurance,8,August,0.3347,266878.53
31-01-2023,West,General Medicine,Surgery,41,361425.6,14818449.6,7900335,6918114.6,2023,EUR,Cash,1,January,0.4669,192691.1
24-04-2023,East,Oncology,Surgery,9,3825.83,34432.47,27539.94,6892.53,2023,INR,Online Payment,4,April,0.2002,3059.99
05-04-2023,West,General Medicine,Diagnostics,29,363468.62,10540589.98,8867717.51,1672872.47,2023,USD,Online Payment,4,April,0.1587,305783.36
13-11-2023,North,Emergency,Diagnostics,18,3090.47,55628.46,32420.67,23207.79,2023,INR,Cash,11,November,0.4172,1801.15
01-07-2024,East,Emergency,Diagnostics,4,409546.8,1638187.2,1357009.2,281178,2024,EUR,Online Payment,7,July,0.1716,339252.3
22-10-2024,South,Orthopedics,Medication,44,131306,5777464,5182502.57,594961.43,2024,USD,Online Payment,10,October,0.103,117784.15
02-12-2024,South,Orthopedics,Medication,8,393609.24,3148873.92,2372492.75,776381.17,2024,USD,Insurance,12,December,0.2466,296561.59
03-02-2023,East,Emergency,Consultation,28,3813.24,106770.72,92374.03,14396.69,2023,INR,Insurance,2,February,0.1348,3299.07
01-10-2023,South,Orthopedics,Consultation,26,3403.95,88502.7,64367.43,24135.27,2023,INR,Online Payment,10,October,0.2727,2475.67
16-06-2023,North,Oncology,Consultation,30,595.25,17857.5,10607.29,7250.21,2023,INR,Cash,6,June,0.406,353.58
12-06-2024,West,Orthopedics,Diagnostics,42,194910.3,8186232.6,6104610,2081622.6,2024,EUR,Online Payment,6,June,0.2543,145347.86
20-06-2023,East,Cardiology,Consultation,15,406488.6,6097329,5323456.8,773872.2,2023,EUR,Insurance,6,June,0.1269,354897.12
09-09-2023,East,Cardiology,Diagnostics,9,113997.18,1025974.62,637245.78,388728.84,2023,USD,Insurance,9,September,0.3789,70805.09
23-10-2024,North,Emergency,Consultation,16,247596.3,3961540.8,2695656.6,1265884.2,2024,EUR,Insurance,10,October,0.3195,168478.54
24-03-2023,West,Pediatrics,Medication,17,96866.1,1646723.7,1188352.8,458370.9,2023,EUR,Cash,3,March,0.2784,69903.11
16-06-2023,North,Pediatrics,Surgery,10,3722.4,37224,24736.7,12487.3,2023,INR,Online Payment,6,June,0.3355,2473.67
21-04-2023,East,Cardiology,Diagnostics,39,337813.32,13174719.48,8953688.08,4221031.4,2023,USD,Cash,4,April,0.3204,229581.75
09-08-2024,South,Pediatrics,Diagnostics,9,229044.31,2061398.79,1540762.2,520636.59,2024,USD,Online Payment,8,August,0.2526,171195.8
15-01-2023,West,Cardiology,Therapy,29,173318.11,5026225.19,4321119.44,705105.75,2023,USD,Online Payment,1,January,0.1403,149004.12
02-05-2024,East,General Medicine,Medication,46,279755.1,12868734.6,6753302.1,6115432.5,2024,EUR,Insurance,5,May,0.4752,146810.92
23-08-2024,West,Oncology,Surgery,15,387758.57,5816378.55,3318114.24,2498264.31,2024,USD,Insurance,8,August,0.4295,221207.62
31-05-2023,South,Emergency,Medication,47,323589.6,15208711.2,13669886.7,1538824.5,2023,EUR,Online Payment,5,May,0.1012,290848.65
05-04-2024,North,General Medicine,Therapy,27,3775.93,101950.11,69508.83,32441.28,2024,INR,Cash,4,April,0.3182,2574.4
10-04-2023,East,Emergency,Medication,49,106.67,5226.83,4115.07,1111.76,2023,INR,Online Payment,4,April,0.2127,83.98
13-03-2024,North,Orthopedics,Consultation,41,262146.37,10748001.17,6115106.34,4632894.83,2024,USD,Cash,3,March,0.431,149148.94
26-06-2024,North,Emergency,Surgery,34,2873.23,97689.82,75649.28,22040.54,2024,INR,Insurance,6,June,0.2256,2224.98
10-12-2024,East,Oncology,Therapy,8,334.79,2678.32,1629.69,1048.63,2024,INR,Online Payment,12,December,0.3915,203.71
19-01-2023,North,Emergency,Medication,21,3949.07,82930.47,66821.15,16109.32,2023,INR,Insurance,1,January,0.1943,3181.96
08-09-2024,North,Cardiology,Surgery,33,754.23,24889.59,20889.11,4000.48,2024,INR,Insurance,9,September,0.1607,633
14-10-2023,South,Orthopedics,Therapy,37,41179.62,1523645.94,1068397.58,455248.36,2023,USD,Cash,10,October,0.2988,28875.61
23-07-2024,South,General Medicine,Therapy,6,83970.27,503821.62,359783.42,144038.2,2024,USD,Insurance,7,July,0.2859,59963.9
19-08-2024,North,Emergency,Therapy,49,14697.9,720197.1,580980.6,139216.5,2024,EUR,Online Payment,8,August,0.1933,11856.75
10-01-2023,South,Emergency,Consultation,4,1362.94,5451.76,3876.11,1575.65,2023,INR,Insurance,1,January,0.289,969.03
27-07-2024,South,General Medicine,Consultation,14,426639.6,5972954.4,3534290.1,2438664.3,2024,EUR,Cash,7,July,0.4083,252449.29
26-06-2024,West,Pediatrics,Medication,43,4375.74,188156.82,128776.41,59380.41,2024,INR,Insurance,6,June,0.3156,2994.8
18-10-2024,North,Emergency,Diagnostics,36,3635.88,130891.68,67468.6,63423.08,2024,INR,Insurance,10,October,0.4845,1874.13
03-03-2023,South,Orthopedics,Medication,2,163456.05,326912.1,265495.42,61416.68,2023,USD,Online Payment,3,March,0.1879,132747.71
03-03-2024,South,Cardiology,Surgery,23,18009,414207,349218.9,64988.1,2024,EUR,Insurance,3,March,0.1569,15183.43
10-08-2023,West,Emergency,Surgery,49,2877.75,141009.75,102247.61,38762.14,2023,INR,Insurance,8,August,0.2749,2086.69
19-05-2023,West,Cardiology,Medication,29,231828.3,6723020.7,5253372,1469648.7,2023,EUR,Insurance,5,May,0.2186,181150.76
21-03-2023,West,Pediatrics,Consultation,48,88997.4,4271875.2,2573659.8,1698215.4,2023,EUR,Online Payment,3,March,0.3975,53617.91
17-05-2023,East,Emergency,Diagnostics,33,2025.46,66840.18,57686.57,9153.61,2023,INR,Online Payment,5,May,0.1369,1748.08
15-01-2023,West,General Medicine,Medication,20,85468.5,1709370,1048066.2,661303.8,2023,EUR,Online Payment,1,January,0.3869,52403.31
11-07-2024,East,Orthopedics,Therapy,37,216777.74,8020776.38,6704081.81,1316694.57,2024,USD,Online Payment,7,July,0.1642,181191.4
02-05-2023,West,General Medicine,Surgery,11,186583.17,2052414.87,1535225.27,517189.6,2023,USD,Insurance,5,May,0.252,139565.93
18-07-2023,North,General Medicine,Surgery,41,303474.6,12442458.6,10978518.6,1463940,2023,EUR,Insurance,7,July,0.1177,267768.75
03-02-2024,South,Pediatrics,Surgery,11,116.42,1280.62,1101.82,178.8,2024,INR,Online Payment,2,February,0.1396,100.17
11-07-2023,North,Oncology,Diagnostics,31,41702.4,1292774.4,801582.3,491192.1,2023,EUR,Insurance,7,July,0.38,25857.49
06-06-2024,North,Orthopedics,Diagnostics,45,337882.21,15204699.45,9052805.02,6151894.43,2024,USD,Online Payment,6,June,0.4046,201173.44
04-05-2023,South,Pediatrics,Consultation,34,748.29,25441.86,18258.54,7183.32,2023,INR,Cash,5,May,0.2823,537.02
23-11-2024,South,General Medicine,Medication,28,159040.8,4453142.4,3143523.6,1309618.8,2024,EUR,Insurance,11,November,0.2941,112268.7
13-10-2023,West,General Medicine,Therapy,50,180567,9028350,5727825.9,3300524.1,2023,EUR,Online Payment,10,October,0.3656,114556.52
04-02-2023,South,Orthopedics,Consultation,23,133298,3065854,2081277.29,984576.71,2023,USD,Cash,2,February,0.3211,90490.32
12-07-2023,South,Cardiology,Surgery,46,225071.93,10353308.78,5277055.34,5076253.44,2023,USD,Insurance,7,July,0.4903,114718.59
18-10-2023,South,Oncology,Therapy,19,4908,93252,49168.46,44083.54,2023,INR,Online Payment,10,October,0.4727,2587.81
22-06-2023,South,Cardiology,Surgery,31,136791.9,4240548.9,2688219,1552329.9,2023,EUR,Online Payment,6,June,0.3661,86716.74
15-10-2024,West,Cardiology,Consultation,1,142303.5,142303.5,108868.5,33435,2024,EUR,Cash,10,October,0.235,108868.5
03-11-2024,South,Cardiology,Surgery,46,206151.25,9482957.5,7142140.87,2340816.63,2024,USD,Cash,11,November,0.2468,155263.93
05-12-2024,West,Oncology,Consultation,41,164.53,6745.73,4728.81,2016.92,2024,INR,Insurance,12,December,0.299,115.34
21-12-2023,South,Cardiology,Surgery,26,3167.18,82346.68,51311.94,31034.74,2023,INR,Insurance,12,December,0.3769,1973.54
13-12-2023,East,Pediatrics,Diagnostics,7,245329.74,1717308.18,1455864.82,261443.36,2023,USD,Cash,12,December,0.1522,207980.69
12-10-2024,North,Orthopedics,Consultation,18,23727.6,427096.8,316231.2,110865.6,2024,EUR,Insurance,10,October,0.2596,17568.4
17-04-2024,East,Cardiology,Diagnostics,20,651.19,13023.8,10472.4,2551.4,2024,INR,Insurance,4,April,0.1959,523.62
17-10-2024,East,Pediatrics,Surgery,36,95782,3448152,2589280.45,858871.55,2024,USD,Online Payment,10,October,0.2491,71924.46
31-05-2024,South,Orthopedics,Therapy,29,355772.86,10317412.94,6499847.03,3817565.91,2024,USD,Insurance,5,May,0.37,224132.66
24-02-2024,West,Pediatrics,Consultation,37,3874.09,143341.33,86135.17,57206.16,2024,INR,Online Payment,2,February,0.3991,2327.98
04-01-2023,North,Orthopedics,Diagnostics,3,4229.58,12688.74,11351.25,1337.49,2023,INR,Online Payment,1,January,0.1054,3783.75
05-05-2024,South,General Medicine,Consultation,37,4776.64,176735.68,112261.92,64473.76,2024,INR,Cash,5,May,0.3648,3034.11
10-10-2023,East,Cardiology,Therapy,21,903.63,18976.23,15060.67,3915.56,2023,INR,Online Payment,10,October,0.2063,717.17
31-07-2023,West,Pediatrics,Consultation,23,2183.97,50231.31,38025.15,12206.16,2023,INR,Cash,7,July,0.243,1653.27
07-11-2024,West,Oncology,Diagnostics,9,16628.22,149653.98,84681.58,64972.4,2024,USD,Online Payment,11,November,0.4342,9409.06
25-08-2023,South,Cardiology,Medication,36,348323.61,12539649.96,6595033.09,5944616.87,2023,USD,Insurance,8,August,0.4741,183195.36
19-12-2024,West,General Medicine,Consultation,6,80163,480978,326594.7,154383.3,2024,EUR,Insurance,12,December,0.321,54432.45
21-12-2023,North,General Medicine,Therapy,41,1289.38,52864.58,29580.17,23284.41,2023,INR,Insurance,12,December,0.4405,721.47
10-12-2023,West,Cardiology,Medication,7,118021.5,826150.5,575480.7,250669.8,2023,EUR,Cash,12,December,0.3034,82211.53
15-02-2023,South,Emergency,Medication,27,219582.9,5928738.3,3123970.2,2804768.1,2023,EUR,Cash,2,February,0.4731,115702.6
20-09-2024,North,Pediatrics,Diagnostics,24,208.44,5002.56,2863.43,2139.13,2024,INR,Cash,9,September,0.4276,119.31
16-04-2024,South,Emergency,Consultation,50,1325.52,66276,57718.73,8557.27,2024,INR,Cash,4,April,0.1291,1154.37
18-12-2023,North,Pediatrics,Consultation,12,2259.76,27117.12,13563.99,13553.13,2023,INR,Online Payment,12,December,0.4998,1130.33
05-09-2024,West,General Medicine,Surgery,22,4397.94,96754.68,78504.13,18250.55,2024,INR,Online Payment,9,September,0.1886,3568.37
13-03-2024,East,Cardiology,Diagnostics,11,360243.9,3962682.9,2805207.3,1157475.6,2024,EUR,Cash,3,March,0.2921,255018.85
23-07-2023,West,General Medicine,Surgery,47,340762.31,16015828.57,9382515.05,6633313.52,2023,USD,Online Payment,7,July,0.4142,199627.98
28-10-2023,West,Orthopedics,Surgery,7,941.2,6588.4,5508.68,1079.72,2023,INR,Insurance,10,October,0.1639,786.95
19-08-2023,North,Pediatrics,Medication,11,17763.3,195396.3,139733.1,55663.2,2023,EUR,Cash,8,August,0.2849,12703.01
13-08-2023,South,Emergency,Surgery,12,375663.81,4507965.72,3279793.14,1228172.58,2023,USD,Online Payment,8,August,0.2724,273316.1
14-08-2023,East,Cardiology,Therapy,37,280789.2,10389200.4,8306865,2082335.4,2023,EUR,Insurance,8,August,0.2004,224509.86
13-08-2023,North,Cardiology,Diagnostics,31,110577.6,3427905.6,3050447.4,377458.2,2023,EUR,Insurance,8,August,0.1101,98401.53
18-09-2024,North,Orthopedics,Therapy,22,175841.1,3868504.2,2762612.1,1105892.1,2024,EUR,Cash,9,September,0.2859,125573.28
11-03-2024,South,Oncology,Therapy,8,3075.05,24600.4,14887.59,9712.81,2024,INR,Online Payment,3,March,0.3948,1860.95
20-01-2024,West,Cardiology,Diagnostics,49,186790.5,9152734.5,7267728.6,1885005.9,2024,EUR,Insurance,1,January,0.206,148320.99
03-11-2024,North,Pediatrics,Diagnostics,2,107460.1,214920.2,110282.1,104638.1,2024,USD,Online Payment,11,November,0.4869,55141.05
15-08-2023,East,Emergency,Diagnostics,25,340284.6,8507115,6837784.2,1669330.8,2023,EUR,Insurance,8,August,0.1962,273511.37
07-09-2023,East,Oncology,Therapy,37,4275.48,158192.76,119782.07,38410.69,2023,INR,Online Payment,9,September,0.2428,3237.35
03-08-2023,West,General Medicine,Consultation,22,294329.7,6475253.4,5123742.3,1351511.1,2023,EUR,Online Payment,8,August,0.2087,232897.38
26-06-2023,South,Oncology,Medication,32,165106.09,5283394.88,2840382.01,2443012.87,2023,USD,Cash,6,June,0.4624,88761.94
16-11-2024,West,Oncology,Consultation,4,2580.68,10322.72,6159.44,4163.28,2024,INR,Cash,11,November,0.4033,1539.86
25-01-2024,North,General Medicine,Medication,40,282494.7,11299788,7252952.4,4046835.6,2024,EUR,Cash,1,January,0.3581,181323.81
23-05-2024,East,Oncology,Consultation,41,269818.89,11062574.49,8112421.66,2950152.83,2024,USD,Insurance,5,May,0.2667,197863.94
14-06-2023,West,Cardiology,Surgery,22,383239.8,8431275.6,7464481.2,966794.4,2023,EUR,Online Payment,6,June,0.1147,339294.6
03-04-2023,North,Emergency,Therapy,6,3416.14,20496.84,12439.83,8057.01,2023,INR,Cash,4,April,0.3931,2073.3
16-02-2023,North,Cardiology,Diagnostics,7,4198.1,29386.7,22937.84,6448.86,2023,INR,Online Payment,2,February,0.2194,3276.83
17-05-2024,West,Orthopedics,Surgery,42,354400.04,14884801.68,11454505.47,3430296.21,2024,USD,Insurance,5,May,0.2305,272726.32
11-11-2024,West,Cardiology,Consultation,33,3498.16,115439.28,62100.93,53338.35,2024,INR,Cash,11,November,0.462,1881.85
16-02-2024,North,Pediatrics,Medication,7,2684.77,18793.39,16116.93,2676.46,2024,INR,Cash,2,February,0.1424,2302.42
31-10-2023,East,General Medicine,Diagnostics,20,424798.2,8495964,5780850.3,2715113.7,2023,EUR,Cash,10,October,0.3196,289042.52
01-02-2024,South,Cardiology,Surgery,15,407422.8,6111342,5182702.2,928639.8,2024,EUR,Cash,2,February,0.152,345513.48
01-09-2024,North,General Medicine,Therapy,3,1691.23,5073.69,3573.78,1499.91,2024,INR,Cash,9,September,0.2956,1191.26
05-03-2023,West,Oncology,Therapy,37,241754.93,8944932.41,5336422.75,3608509.66,2023,USD,Online Payment,3,March,0.4034,144227.64
02-07-2023,East,Orthopedics,Medication,19,337832.41,6418815.79,4830730.31,1588085.48,2023,USD,Online Payment,7,July,0.2474,254248.96
14-04-2023,East,Orthopedics,Therapy,41,444635.1,18230039.1,9131279.4,9098759.7,2023,EUR,Online Payment,4,April,0.4991,222714.13
07-01-2024,South,Orthopedics,Surgery,6,105660.9,633965.4,401121.9,232843.5,2024,EUR,Insurance,1,January,0.3673,66853.65
23-07-2023,East,General Medicine,Consultation,35,75855.6,2654946,1457110.8,1197835.2,2023,EUR,Insurance,7,July,0.4512,41631.74
13-12-2024,South,Cardiology,Medication,10,153426.33,1534263.3,1087074.24,447189.06,2024,USD,Cash,12,December,0.2915,108707.42
10-06-2024,North,Oncology,Consultation,32,3303.46,105710.72,81029.39,24681.33,2024,INR,Cash,6,June,0.2335,2532.17
30-07-2023,West,Pediatrics,Consultation,13,444386.7,5777027.1,2970446.4,2806580.7,2023,EUR,Cash,7,July,0.4858,228495.88
03-01-2023,North,Cardiology,Medication,48,282965.4,13582339.2,11092535.1,2489804.1,2023,EUR,Online Payment,1,January,0.1833,231094.48
13-05-2024,North,Oncology,Medication,24,41999.4,1007985.6,764048.7,243936.9,2024,EUR,Insurance,5,May,0.242,31835.36
07-09-2023,South,Pediatrics,Therapy,1,1996.67,1996.67,1451.62,545.05,2023,INR,Online Payment,9,September,0.273,1451.62
21-08-2023,West,Oncology,Surgery,34,4201.34,142845.56,89458.44,53387.12,2023,INR,Online Payment,8,August,0.3737,2631.13
25-03-2023,East,Pediatrics,Diagnostics,5,221465.58,1107327.9,688261.73,419066.17,2023,USD,Cash,3,March,0.3784,137652.35
03-07-2024,North,Orthopedics,Diagnostics,38,67144.5,2551491,1521799.2,1029691.8,2024,EUR,Online Payment,7,July,0.4036,40047.35
04-04-2024,North,Orthopedics,Surgery,44,1225.95,53941.8,38664.1,15277.7,2024,INR,Cash,4,April,0.2832,878.73
30-12-2024,North,General Medicine,Therapy,25,244120.43,6103010.75,5084276.22,1018734.53,2024,USD,Online Payment,12,December,0.1669,203371.05
09-08-2023,West,Pediatrics,Medication,9,1657.62,14918.58,10641.89,4276.69,2023,INR,Insurance,8,August,0.2867,1182.43
29-03-2023,South,Emergency,Medication,37,96705.9,3578118.3,3051184.5,526933.8,2023,EUR,Cash,3,March,0.1473,82464.45
19-02-2024,South,Orthopedics,Medication,21,236.47,4965.87,2652.35,2313.52,2024,INR,Insurance,2,February,0.4659,126.3
11-04-2024,North,General Medicine,Medication,31,390491.1,12105224.1,9991600.2,2113623.9,2024,EUR,Insurance,4,April,0.1746,322309.68
23-10-2024,North,General Medicine,Consultation,25,210576.6,5264415,2831090.4,2433324.6,2024,EUR,Cash,10,October,0.4622,113243.62
04-04-2023,East,Oncology,Diagnostics,1,2673.11,2673.11,2005.73,667.38,2023,INR,Insurance,4,April,0.2497,2005.73
29-02-2024,East,Oncology,Medication,27,53138.7,1434744.9,981084.6,453660.3,2024,EUR,Online Payment,2,February,0.3162,36336.47
20-09-2023,North,Pediatrics,Medication,48,552.7,26529.6,20818.97,5710.63,2023,INR,Online Payment,9,September,0.2153,433.73
06-12-2024,West,General Medicine,Surgery,49,241046.1,11811258.9,7413374.7,4397884.2,2024,EUR,Cash,12,December,0.3723,151293.36
22-10-2023,North,Oncology,Consultation,7,170612.31,1194286.17,636887.22,557398.95,2023,USD,Cash,10,October,0.4667,90983.89
26-04-2023,East,Emergency,Medication,12,1808.36,21700.32,17363.29,4337.03,2023,INR,Cash,4,April,0.1999,1446.94
29-09-2024,East,Orthopedics,Surgery,28,2921.6,81804.8,42153.87,39650.93,2024,INR,Insurance,9,September,0.4847,1505.5
08-09-2023,West,Cardiology,Surgery,8,3290.72,26325.76,22561.16,3764.6,2023,INR,Insurance,9,September,0.143,2820.14
26-07-2023,South,General Medicine,Diagnostics,19,2505.41,47602.79,25862.9,21739.89,2023,INR,Online Payment,7,July,0.4567,1361.21
23-12-2024,North,Pediatrics,Consultation,23,132589.8,3049565.4,2094104.7,955460.7,2024,EUR,Online Payment,12,December,0.3133,91048.03
22-02-2023,West,Pediatrics,Therapy,22,202417.08,4453175.76,2873755.48,1579420.28,2023,USD,Online Payment,2,February,0.3547,130625.25
24-05-2023,South,Cardiology,Consultation,27,342870.51,9257503.77,4636386.64,4621117.13,2023,USD,Online Payment,5,May,0.4992,171718.02
21-12-2023,South,Emergency,Therapy,16,3267.76,52284.16,44843.65,7440.51,2023,INR,Cash,12,December,0.1423,2802.73
12-08-2024,West,General Medicine,Medication,44,4623.83,203448.52,177219.48,26229.04,2024,INR,Online Payment,8,August,0.1289,4027.72
11-07-2024,West,Oncology,Medication,18,2662.68,47928.24,30781.28,17146.96,2024,INR,Insurance,7,July,0.3578,1710.07
20-03-2024,South,Oncology,Surgery,21,265702.5,5579752.5,3966678,1613074.5,2024,EUR,Online Payment,3,March,0.2891,188889.43
10-01-2023,East,Pediatrics,Diagnostics,18,3921.83,70592.94,37364.33,33228.61,2023,INR,Cash,1,January,0.4707,2075.8
13-11-2024,South,Oncology,Diagnostics,34,381250.54,12962518.36,8205193.25,4757325.11,2024,USD,Insurance,11,November,0.367,241329.21
15-04-2024,West,Oncology,Therapy,37,86464.8,3199197.6,2384889.3,814308.3,2024,EUR,Online Payment,4,April,0.2545,64456.47
25-12-2023,North,General Medicine,Consultation,18,2535.54,45639.72,25451.46,20188.26,2023,INR,Insurance,12,December,0.4423,1413.97
11-07-2024,North,Cardiology,Medication,13,4443.3,57762.9,38673.89,19089.01,2024,INR,Cash,7,July,0.3305,2974.91
04-10-2024,North,Pediatrics,Surgery,10,3624.19,36241.9,24780.7,11461.2,2024,INR,Insurance,10,October,0.3162,2478.07
02-07-2024,West,Pediatrics,Therapy,31,152838.9,4738005.9,3109110.3,1628895.6,2024,EUR,Online Payment,7,July,0.3438,100293.88
05-06-2023,East,Pediatrics,Medication,41,419954.4,17218130.4,10403331.3,6814799.1,2023,EUR,Cash,6,June,0.3958,253739.79
19-11-2024,East,Emergency,Surgery,44,2950.34,129814.96,91437.97,38376.99,2024,INR,Online Payment,11,November,0.2956,2078.14
03-11-2023,East,Pediatrics,Therapy,29,413086.02,11979494.58,7365589.32,4613905.26,2023,USD,Cash,11,November,0.3852,253985.84
24-09-2023,West,Cardiology,Consultation,44,2989.37,131532.28,90435.78,41096.5,2023,INR,Cash,9,September,0.3124,2055.36
22-12-2023,West,Orthopedics,Therapy,42,23407.2,983102.4,541971,441131.4,2023,EUR,Cash,12,December,0.4487,12904.07
21-05-2023,East,Cardiology,Diagnostics,42,185984.74,7811359.08,4002366.24,3808992.84,2023,USD,Cash,5,May,0.4876,95294.43
30-08-2023,East,Pediatrics,Therapy,17,402105.95,6835801.15,5144011.32,1691789.83,2023,USD,Online Payment,8,August,0.2475,302588.9
10-08-2024,North,Oncology,Medication,31,284554.8,8821198.8,6020104.5,2801094.3,2024,EUR,Online Payment,8,August,0.3175,194196.92
17-03-2024,East,Pediatrics,Therapy,34,333474.91,11338146.94,6338435.27,4999711.67,2024,USD,Insurance,3,March,0.441,186424.57
05-02-2024,South,Pediatrics,Medication,18,3822.55,68805.9,58871.72,9934.18,2024,INR,Insurance,2,February,0.1444,3270.65
25-02-2023,East,General Medicine,Surgery,47,478.07,22469.29,19602.13,2867.16,2023,INR,Insurance,2,February,0.1276,417.07
26-06-2023,North,Pediatrics,Therapy,36,141313.5,5087286,4342810.5,744475.5,2023,EUR,Insurance,6,June,0.1463,120633.62
04-01-2024,East,Emergency,Therapy,4,3818.25,15273,9683.73,5589.27,2024,INR,Online Payment,1,January,0.366,2420.93
29-10-2024,North,Cardiology,Therapy,15,64451.16,966767.4,835249.75,131517.65,2024,USD,Cash,10,October,0.136,55683.32
16-03-2023,East,Emergency,Consultation,6,164078.55,984471.3,689940.82,294530.48,2023,USD,Cash,3,March,0.2992,114990.14
08-05-2024,East,General Medicine,Consultation,4,533.69,2134.76,1749.35,385.41,2024,INR,Cash,5,May,0.1805,437.34
10-01-2023,East,Orthopedics,Diagnostics,3,3649.26,10947.78,8832.22,2115.56,2023,INR,Cash,1,January,0.1932,2944.07
05-08-2024,East,Emergency,Diagnostics,47,193305.6,9085363.2,4898955.6,4186407.6,2024,EUR,Online Payment,8,August,0.4608,104233.1
17-03-2024,East,Pediatrics,Surgery,12,421254.9,5055058.8,2844497.7,2210561.1,2024,EUR,Cash,3,March,0.4373,237041.48
17-01-2023,East,General Medicine,Consultation,47,1153.56,54217.32,27199.35,27017.97,2023,INR,Cash,1,January,0.4983,578.71
13-10-2024,East,Emergency,Surgery,31,317342.7,9837623.7,7149813.3,2687810.4,2024,EUR,Online Payment,10,October,0.2732,230639.14
27-05-2024,South,Oncology,Medication,13,176653.8,2296499.4,1804861.8,491637.6,2024,EUR,Cash,5,May,0.2141,138835.52
10-04-2023,North,Emergency,Medication,37,372275.1,13774178.7,11843214.3,1930964.4,2023,EUR,Cash,4,April,0.1402,320086.87
16-10-2023,West,General Medicine,Medication,45,175.39,7892.55,4936.9,2955.65,2023,INR,Insurance,10,October,0.3745,109.71
18-06-2024,West,General Medicine,Medication,8,1432.4,11459.2,8600.64,2858.56,2024,INR,Insurance,6,June,0.2495,1075.08
24-04-2024,North,Cardiology,Medication,17,4613.25,78425.25,67474.47,10950.78,2024,INR,Online Payment,4,April,0.1396,3969.09
19-11-2024,East,Oncology,Therapy,32,216120.6,6915859.2,5760837,1155022.2,2024,EUR,Insurance,11,November,0.167,180026.16
09-11-2024,South,Oncology,Medication,28,4446.72,124508.16,95337.84,29170.32,2024,INR,Insurance,11,November,0.2343,3404.92
07-04-2024,North,Oncology,Therapy,37,76439.68,2828268.16,1888272.41,939995.75,2024,USD,Online Payment,4,April,0.3324,51034.39
26-04-2024,South,Cardiology,Surgery,34,2355.59,80090.06,66797.44,13292.62,2024,INR,Cash,4,April,0.166,1964.63
05-06-2024,North,General Medicine,Surgery,28,135788.4,3802075.2,2244883.5,1557191.7,2024,EUR,Cash,6,June,0.4096,80174.41
01-08-2024,East,Emergency,Therapy,32,328298.4,10505548.8,8044375.5,2461173.3,2024,EUR,Online Payment,8,August,0.2343,251386.73
11-09-2023,South,Pediatrics,Therapy,34,325577.7,11069641.8,7308333,3761308.8,2023,EUR,Cash,9,September,0.3398,214950.97
09-11-2024,West,General Medicine,Surgery,18,3345.9,60226.2,53065.87,7160.33,2024,INR,Cash,11,November,0.1189,2948.1
24-06-2024,East,Pediatrics,Surgery,32,182170.89,5829468.48,3359349.47,2470119.01,2024,USD,Online Payment,6,June,0.4237,104979.67
11-04-2024,West,Pediatrics,Diagnostics,16,3090.71,49451.36,29329.06,20122.3,2024,INR,Online Payment,4,April,0.4069,1833.07
17-09-2024,East,Pediatrics,Surgery,45,45904.81,2065716.45,1414014.56,651701.89,2024,USD,Cash,9,September,0.3155,31422.55
12-05-2023,North,General Medicine,Therapy,38,247794.3,9416183.4,5068719,4347464.4,2023,EUR,Insurance,5,May,0.4617,133387.34
01-03-2023,North,Emergency,Consultation,27,178683.23,4824447.21,2806794.4,2017652.81,2023,USD,Insurance,3,March,0.4182,103955.35
21-04-2023,West,Pediatrics,Therapy,32,2757.58,88242.56,68641.96,19600.6,2023,INR,Online Payment,4,April,0.2221,2145.06
01-06-2024,West,Cardiology,Diagnostics,8,77060.52,616484.16,514526.13,101958.03,2024,USD,Online Payment,6,June,0.1654,64315.77
30-10-2024,West,Emergency,Consultation,25,255612.6,6390315,4097227.5,2293087.5,2024,EUR,Online Payment,10,October,0.3588,163889.1
29-03-2023,East,Orthopedics,Therapy,16,2533.23,40531.68,24111.99,16419.69,2023,INR,Online Payment,3,March,0.4051,1507
02-11-2024,South,Orthopedics,Medication,46,30639.45,1409414.7,1243222.14,166192.56,2024,USD,Cash,11,November,0.1179,27026.57
18-08-2023,South,Pediatrics,Surgery,47,239535.9,11258187.3,9373842,1884345.3,2023,EUR,Cash,8,August,0.1674,199443.45
29-06-2024,North,Orthopedics,Surgery,38,360373.55,13694194.9,7711960.77,5982234.13,2024,USD,Cash,6,June,0.4368,202946.34
23-03-2024,South,Pediatrics,Diagnostics,8,355127.95,2841023.6,1883250.91,957772.69,2024,USD,Online Payment,3,March,0.3371,235406.36
01-04-2023,East,General Medicine,Consultation,41,190673.41,7817609.81,5992437.32,1825172.49,2023,USD,Cash,4,April,0.2335,146157.01
19-08-2024,East,Orthopedics,Surgery,15,4665.3,69979.5,50184.14,19795.36,2024,INR,Cash,8,August,0.2829,3345.61
07-01-2024,West,Oncology,Consultation,27,322808.4,8715826.8,6383219.4,2332607.4,2024,EUR,Cash,1,January,0.2676,236415.53
26-10-2023,North,General Medicine,Surgery,37,4455.31,164846.47,136961.36,27885.11,2023,INR,Online Payment,10,October,0.1692,3701.66
15-11-2024,South,Orthopedics,Consultation,48,3637.23,174587.04,129368.56,45218.48,2024,INR,Cash,11,November,0.259,2695.18
06-03-2023,South,Pediatrics,Consultation,1,374116.69,374116.69,195372.04,178744.65,2023,USD,Insurance,3,March,0.4778,195372.04
20-05-2024,North,Cardiology,Therapy,18,1268.29,22829.22,15809.81,7019.41,2024,INR,Insurance,5,May,0.3075,878.32
21-06-2024,East,Emergency,Diagnostics,34,141525.9,4811880.6,2915183.7,1896696.9,2024,EUR,Insurance,6,June,0.3942,85740.7
14-02-2024,North,Pediatrics,Diagnostics,8,264745.1,2117960.8,1577507.13,540453.67,2024,USD,Online Payment,2,February,0.2552,197188.39
21-06-2024,North,Pediatrics,Therapy,35,1154.01,40390.35,25455.38,14934.97,2024,INR,Cash,6,June,0.3698,727.3
01-12-2024,South,Pediatrics,Consultation,33,316181.7,10433996.1,6375314.7,4058681.4,2024,EUR,Cash,12,December,0.389,193191.35
15-07-2024,North,Orthopedics,Medication,6,286637.18,1719823.08,1140581.85,579241.23,2024,USD,Online Payment,7,July,0.3368,190096.98
18-09-2023,South,General Medicine,Surgery,6,630.25,3781.5,1956.75,1824.75,2023,INR,Cash,9,September,0.4825,326.12
07-03-2024,West,Oncology,Consultation,3,14437.85,43313.55,33320.35,9993.2,2024,USD,Cash,3,March,0.2307,11106.78
10-01-2024,East,Cardiology,Diagnostics,17,2506.51,42610.67,34653.46,7957.21,2024,INR,Cash,1,January,0.1867,2038.44
15-02-2024,South,Emergency,Consultation,34,161853.32,5503012.88,3342523.71,2160489.17,2024,USD,Cash,2,February,0.3926,98309.52
15-01-2023,North,Orthopedics,Therapy,39,221410.8,8635021.2,6605159.09,2029862.11,2023,USD,Insurance,1,January,0.2351,169363.05
28-11-2024,South,General Medicine,Therapy,38,161659.1,6143045.8,3659257.52,2483788.28,2024,USD,Cash,11,November,0.4043,96296.25
12-09-2024,East,Pediatrics,Consultation,43,271052.1,11655240.3,9986391,1668849.3,2024,EUR,Online Payment,9,September,0.1432,232241.65
15-03-2023,South,Orthopedics,Consultation,46,124835.4,5742428.4,3757705.2,1984723.2,2023,EUR,Online Payment,3,March,0.3456,81689.24
06-04-2024,North,Orthopedics,Medication,27,4279.88,115556.76,100531.99,15024.77,2024,INR,Insurance,4,April,0.13,3723.41
26-04-2024,East,Cardiology,Surgery,19,370283.75,7035391.25,4443665.62,2591725.63,2024,USD,Online Payment,4,April,0.3684,233877.14
23-07-2024,West,Emergency,Surgery,3,415719.9,1247159.7,702218.7,544941,2024,EUR,Insurance,7,July,0.4369,234072.9
20-12-2023,North,Orthopedics,Medication,18,3526.23,63472.14,41143.6,22328.54,2023,INR,Cash,12,December,0.3518,2285.76
19-11-2023,North,Emergency,Medication,19,243166.76,4620168.44,2850703.89,1769464.55,2023,USD,Online Payment,11,November,0.383,150037.05
06-01-2023,South,Emergency,Consultation,1,321628.5,321628.5,237013.2,84615.3,2023,EUR,Insurance,1,January,0.2631,237013.2
20-06-2023,West,General Medicine,Surgery,36,3953.66,142331.76,121609.86,20721.9,2023,INR,Online Payment,6,June,0.1456,3378.05
20-06-2023,South,Orthopedics,Diagnostics,5,259968.45,1299842.25,789634.61,510207.64,2023,USD,Insurance,6,June,0.3925,157926.92
24-07-2024,North,Oncology,Diagnostics,1,132217.2,132217.2,73780.2,58437,2024,EUR,Insurance,7,July,0.442,73780.2
20-11-2024,West,Oncology,Diagnostics,13,446178.6,5800321.8,4998569.4,801752.4,2024,EUR,Insurance,11,November,0.1382,384505.34
31-10-2024,North,Oncology,Consultation,31,189805.5,5883970.5,5158738.8,725231.7,2024,EUR,Online Payment,10,October,0.1233,166410.93
22-10-2024,West,Emergency,Consultation,25,928.22,23205.5,19883.47,3322.03,2024,INR,Cash,10,October,0.1432,795.34
10-04-2023,East,Orthopedics,Diagnostics,11,180330.3,1983633.3,1436761.8,546871.5,2023,EUR,Insurance,4,April,0.2757,130614.71
28-07-2024,South,General Medicine,Consultation,36,4281.97,154150.92,113294.59,40856.33,2024,INR,Online Payment,7,July,0.265,3147.07
05-09-2023,North,Pediatrics,Diagnostics,4,3768.87,15075.48,8942.98,6132.5,2023,INR,Insurance,9,September,0.4068,2235.74
16-05-2023,South,General Medicine,Consultation,37,168117.3,6220340.1,4300270.2,1920069.9,2023,EUR,Cash,5,May,0.3087,116223.52
21-02-2023,North,Pediatrics,Surgery,47,240880.11,11321365.17,8142934.12,3178431.05,2023,USD,Online Payment,2,February,0.2807,173253.92
03-09-2024,West,Oncology,Surgery,37,363415.5,13446373.5,7207349.4,6239024.1,2024,EUR,Cash,9,September,0.464,194793.23
06-02-2023,East,Emergency,Consultation,24,363394.75,8721474,6960616.55,1760857.45,2023,USD,Online Payment,2,February,0.2019,290025.69
21-01-2023,North,Cardiology,Therapy,11,438595.2,4824547.2,4331014.2,493533,2023,EUR,Cash,1,January,0.1023,393728.56
22-06-2023,South,Oncology,Diagnostics,4,4832.26,19329.04,16202.82,3126.22,2023,INR,Cash,6,June,0.1617,4050.7
28-09-2024,East,Oncology,Therapy,49,340081.2,16663978.8,10636099.2,6027879.6,2024,EUR,Cash,9,September,0.3617,217063.25
01-06-2024,East,Orthopedics,Surgery,50,458.41,22920.5,16528.21,6392.29,2024,INR,Online Payment,6,June,0.2789,330.56
15-07-2023,South,General Medicine,Surgery,19,109691.97,2084147.43,1522703.89,561443.54,2023,USD,Cash,7,July,0.2694,80142.31
